fias_id,address,porch,lat,lon,azimuth
379cb922-0149-4a63-abc9-c28faf25eeba,"Челябинск, пр-кт. Комсомольский, д. 41 Б",8,55.192422016934,61.337769346072,270
379cb922-0149-4a63-abc9-c28faf25eeba,"Челябинск, пр-кт. Комсомольский, д. 41 Б",7,55.192549465004,61.33776979523,270
379cb922-0149-4a63-abc9-c28faf25eeba,"Челябинск, пр-кт. Комсомольский, д. 41 Б",6,55.192676912663,61.33776979523,270
379cb922-0149-4a63-abc9-c28faf25eeba,"Челябинск, пр-кт. Комсомольский, д. 41 Б",5,55.192797936171,61.337770244387,270
379cb922-0149-4a63-abc9-c28faf25eeba,"Челябинск, пр-кт. Комсомольский, д. 41 Б",4,55.192926924726,61.337770693545,270
379cb922-0149-4a63-abc9-c28faf25eeba,"Челябинск, пр-кт. Комсомольский, д. 41 Б",3,55.193055912861,61.337771142703,270
379cb922-0149-4a63-abc9-c28faf25eeba,"Челябинск, пр-кт. Комсомольский, д. 41 Б",2,55.193183101946,61.33777159186,270
379cb922-0149-4a63-abc9-c28faf25eeba,"Челябинск, пр-кт. Комсомольский, д. 41 Б",1,55.193310547569,61.33777159186,270
eb981c9a-ea31-4209-8b08-249570c77c3a,"Челябинск, ул. 40-летия Победы, д. 33 Б",4,55.183189679027,61.304520002461,322
eb981c9a-ea31-4209-8b08-249570c77c3a,"Челябинск, ул. 40-летия Победы, д. 33 Б",3,55.183311502518,61.304793090307,322
eb981c9a-ea31-4209-8b08-249570c77c3a,"Челябинск, ул. 40-летия Победы, д. 33 Б",2,55.18343666677,61.305073364676,322
eb981c9a-ea31-4209-8b08-249570c77c3a,"Челябинск, ул. 40-летия Победы, д. 33 Б",1,55.183552321272,61.305332528635,322
92c78f3f-106d-4bfd-b39f-e7e697e598a4,"Челябинск, ул. Расковой, д. 42",1,55.190253024395,61.369967660801,90
0e940f9f-f6ac-4d03-85d1-fc3dbcd07004,"Челябинск, ул. Гагарина, д. 17",8,55.138262986612,61.442336838405,289
0e940f9f-f6ac-4d03-85d1-fc3dbcd07004,"Челябинск, ул. Гагарина, д. 17",7,55.138462138598,61.442546595024,289
0e940f9f-f6ac-4d03-85d1-fc3dbcd07004,"Челябинск, ул. Гагарина, д. 17",6,55.138661804186,61.442624748453,199
0e940f9f-f6ac-4d03-85d1-fc3dbcd07004,"Челябинск, ул. Гагарина, д. 17",5,55.138688563415,61.442365584494,199
0e940f9f-f6ac-4d03-85d1-fc3dbcd07004,"Челябинск, ул. Гагарина, д. 17",4,55.138758291707,61.442015241533,199
0e940f9f-f6ac-4d03-85d1-fc3dbcd07004,"Челябинск, ул. Гагарина, д. 17",3,55.138828791774,61.441661305311,199
0e940f9f-f6ac-4d03-85d1-fc3dbcd07004,"Челябинск, ул. Гагарина, д. 17",2,55.138873304526,61.441331623602,109
0e940f9f-f6ac-4d03-85d1-fc3dbcd07004,"Челябинск, ул. Гагарина, д. 17",1,55.138769355594,61.44130916572,109
df63a460-807f-4831-a7cf-c830d7415c97,"Челябинск, ул. Тухачевского, д. 8 А",4,55.14682099031,61.433328083578,288
df63a460-807f-4831-a7cf-c830d7415c97,"Челябинск, ул. Тухачевского, д. 8 А",3,55.147000548685,61.433433186466,288
df63a460-807f-4831-a7cf-c830d7415c97,"Челябинск, ул. Тухачевского, д. 8 А",2,55.14716698674,61.433530204517,288
df63a460-807f-4831-a7cf-c830d7415c97,"Челябинск, ул. Тухачевского, д. 8 А",1,55.147319275664,61.43361913773,288
5e7070d1-b332-4d21-9692-37d1b89815f1,"Челябинск, ул. Сони Кривой, д. 51 А",6,55.156708869302,61.384510037778,267
5e7070d1-b332-4d21-9692-37d1b89815f1,"Челябинск, ул. Сони Кривой, д. 51 А",5,55.156824858893,61.384500605467,267
5e7070d1-b332-4d21-9692-37d1b89815f1,"Челябинск, ул. Сони Кривой, д. 51 А",4,55.156942391237,61.384491173157,267
5e7070d1-b332-4d21-9692-37d1b89815f1,"Челябинск, ул. Сони Кривой, д. 51 А",3,55.157074068198,61.384480393373,267
5e7070d1-b332-4d21-9692-37d1b89815f1,"Челябинск, ул. Сони Кривой, д. 51 А",2,55.157181312588,61.38447141022,267
5e7070d1-b332-4d21-9692-37d1b89815f1,"Челябинск, ул. Сони Кривой, д. 51 А",1,55.157296786439,61.38446197791,267
404e6feb-c106-40d6-a816-d4903cfabc1c,"Челябинск, ул. Островского, д. 18 А",4,55.188681901818,61.384467367802,268
404e6feb-c106-40d6-a816-d4903cfabc1c,"Челябинск, ул. Островского, д. 18 А",3,55.188830947848,61.384457935491,268
404e6feb-c106-40d6-a816-d4903cfabc1c,"Челябинск, ул. Островского, д. 18 А",2,55.188969457364,61.384449401496,268
404e6feb-c106-40d6-a816-d4903cfabc1c,"Челябинск, ул. Островского, д. 18 А",1,55.189119787182,61.384440418343,268
7e3357d0-3a81-49f6-a424-763fabcef3d8,"Челябинск, ул. Захаренко, д. 9 Б",2,55.198472521883,61.306783307819,360
7e3357d0-3a81-49f6-a424-763fabcef3d8,"Челябинск, ул. Захаренко, д. 9 Б",1,55.198473549535,61.307137244041,360
ea5f8bff-8ff3-4523-9e32-6a5700443488,"Челябинск, ул. Энгельса, д. 54 А",3,55.149034543689,61.378045760993,358
ea5f8bff-8ff3-4523-9e32-6a5700443488,"Челябинск, ул. Энгельса, д. 54 А",2,55.149040974519,61.378452248659,358
ea5f8bff-8ff3-4523-9e32-6a5700443488,"Челябинск, ул. Энгельса, д. 54 А",1,55.149047148114,61.378829541079,358
4ac9429e-8697-49cd-bd49-89e050a49957,"Челябинск, ул. Каслинская, д. 23 В",5,55.186019793988,61.397436794716,267
4ac9429e-8697-49cd-bd49-89e050a49957,"Челябинск, ул. Каслинская, д. 23 В",4,55.186217421608,61.397417480938,267
4ac9429e-8697-49cd-bd49-89e050a49957,"Челябинск, ул. Каслинская, д. 23 В",3,55.186411450368,61.397398616317,267
4ac9429e-8697-49cd-bd49-89e050a49957,"Челябинск, ул. Каслинская, д. 23 В",2,55.186615500782,61.39737885338,267
4ac9429e-8697-49cd-bd49-89e050a49957,"Челябинск, ул. Каслинская, д. 23 В",1,55.186812354469,61.397359988759,267
4bdc8ebb-c693-45cc-923b-605055b6c891,"Челябинск, ул. Чичерина, д. 33",9,55.177310608476,61.300677009675,52
4bdc8ebb-c693-45cc-923b-605055b6c891,"Челябинск, ул. Чичерина, д. 33",8,55.177155606984,61.300885418821,52
4bdc8ebb-c693-45cc-923b-605055b6c891,"Челябинск, ул. Чичерина, д. 33",7,55.177014485697,61.301194439279,21
4bdc8ebb-c693-45cc-923b-605055b6c891,"Челябинск, ул. Чичерина, д. 33",6,55.17693351424,61.30156768928,21
4bdc8ebb-c693-45cc-923b-605055b6c891,"Челябинск, ул. Чичерина, д. 33",5,55.176861025367,61.301902760881,21
4bdc8ebb-c693-45cc-923b-605055b6c891,"Челябинск, ул. Чичерина, д. 33",4,55.176733012778,61.302190670929,52
4bdc8ebb-c693-45cc-923b-605055b6c891,"Челябинск, ул. Чичерина, д. 33",3,55.176573124989,61.302408961543,6
4bdc8ebb-c693-45cc-923b-605055b6c891,"Челябинск, ул. Чичерина, д. 33",2,55.176690598877,61.302656896562,320
4bdc8ebb-c693-45cc-923b-605055b6c891,"Челябинск, ул. Чичерина, д. 33",10,55.177476919519,61.30045332917,52
4bdc8ebb-c693-45cc-923b-605055b6c891,"Челябинск, ул. Чичерина, д. 33",1,55.176819125709,61.302928187777,320
fe3ced80-3973-4b91-a02a-f05cecab564a,"Челябинск, пр-кт. Комсомольский, д. 42",8,55.195876074473,61.335939028681,270
fe3ced80-3973-4b91-a02a-f05cecab564a,"Челябинск, пр-кт. Комсомольский, д. 42",7,55.196003511442,61.335939028681,270
fe3ced80-3973-4b91-a02a-f05cecab564a,"Челябинск, пр-кт. Комсомольский, д. 42",6,55.196129406433,61.335939477838,270
fe3ced80-3973-4b91-a02a-f05cecab564a,"Челябинск, пр-кт. Комсомольский, д. 42",5,55.196262751915,61.335939477838,270
fe3ced80-3973-4b91-a02a-f05cecab564a,"Челябинск, пр-кт. Комсомольский, д. 42",4,55.196385562966,61.335939477838,270
fe3ced80-3973-4b91-a02a-f05cecab564a,"Челябинск, пр-кт. Комсомольский, д. 42",3,55.196517366033,61.335939926996,270
fe3ced80-3973-4b91-a02a-f05cecab564a,"Челябинск, пр-кт. Комсомольский, д. 42",2,55.196637093197,61.335939926996,270
fe3ced80-3973-4b91-a02a-f05cecab564a,"Челябинск, пр-кт. Комсомольский, д. 42",1,55.196767610808,61.335939926996,270
5738a864-acaa-4be0-8807-00874493e389,"Челябинск, ул. Энгельса, д. 46 Б",2,55.151402819182,61.379108917132,89
5738a864-acaa-4be0-8807-00874493e389,"Челябинск, ул. Энгельса, д. 46 Б",1,55.151083867748,61.379172248359,89
ee314bda-29b4-4537-bf29-c6245ee0f6a6,"Челябинск, ул. Солнечная, д. 56",6,55.191029311743,61.316108718784,90
ee314bda-29b4-4537-bf29-c6245ee0f6a6,"Челябинск, ул. Солнечная, д. 56",5,55.190901858789,61.316109617099,90
ee314bda-29b4-4537-bf29-c6245ee0f6a6,"Челябинск, ул. Солнечная, д. 56",4,55.190773634536,61.31611141373,90
ee314bda-29b4-4537-bf29-c6245ee0f6a6,"Челябинск, ул. Солнечная, д. 56",3,55.190645666833,61.316113659518,90
ee314bda-29b4-4537-bf29-c6245ee0f6a6,"Челябинск, ул. Солнечная, д. 56",2,55.190519754432,61.316113659518,90
ee314bda-29b4-4537-bf29-c6245ee0f6a6,"Челябинск, ул. Солнечная, д. 56",1,55.190391015014,61.316116803621,90
65a855fb-fd64-406c-affd-a4a5295bb14f,"Челябинск, пр-кт. Комсомольский, д. 66 Б",1,55.196284847655,61.326261028967,89
96020d40-e3d3-4b25-aaf7-cf0862d2451d,"Челябинск, ул. 250-летия Челябинска, д. 5",9,55.18161390729,61.314797178469,180
96020d40-e3d3-4b25-aaf7-cf0862d2451d,"Челябинск, ул. 250-летия Челябинска, д. 5",8,55.18161390729,61.314487708853,180
96020d40-e3d3-4b25-aaf7-cf0862d2451d,"Челябинск, ул. 250-летия Челябинска, д. 5",7,55.18161390729,61.31416072209,180
96020d40-e3d3-4b25-aaf7-cf0862d2451d,"Челябинск, ул. 250-летия Челябинска, д. 5",6,55.18161390729,61.313860235628,180
96020d40-e3d3-4b25-aaf7-cf0862d2451d,"Челябинск, ул. 250-летия Челябинска, д. 5",5,55.18161390729,61.31357591884,180
96020d40-e3d3-4b25-aaf7-cf0862d2451d,"Челябинск, ул. 250-летия Челябинска, д. 5",4,55.18161390729,61.313345051812,135
96020d40-e3d3-4b25-aaf7-cf0862d2451d,"Челябинск, ул. 250-летия Челябинска, д. 5",3,55.18142628065,61.31334550097,90
96020d40-e3d3-4b25-aaf7-cf0862d2451d,"Челябинск, ул. 250-летия Челябинска, д. 5",2,55.181249705179,61.313429942606,90
96020d40-e3d3-4b25-aaf7-cf0862d2451d,"Челябинск, ул. 250-летия Челябинска, д. 5",13,55.181263327478,61.315374795197,270
96020d40-e3d3-4b25-aaf7-cf0862d2451d,"Челябинск, ул. 250-летия Челябинска, д. 5",12,55.181430650048,61.315374795197,270
96020d40-e3d3-4b25-aaf7-cf0862d2451d,"Челябинск, ул. 250-летия Челябинска, д. 5",11,55.18161390729,61.315374795197,225
96020d40-e3d3-4b25-aaf7-cf0862d2451d,"Челябинск, ул. 250-летия Челябинска, д. 5",10,55.18161390729,61.315132699227,180
96020d40-e3d3-4b25-aaf7-cf0862d2451d,"Челябинск, ул. 250-летия Челябинска, д. 5",1,55.181074671077,61.313517079189,90
3f9b60c1-777b-4fe8-9d91-7aa19dab6172,"Челябинск, ул. Культуры, д. 95",5,55.177504937849,61.443898559526,339
3f9b60c1-777b-4fe8-9d91-7aa19dab6172,"Челябинск, ул. Культуры, д. 95",4,55.177557118722,61.444140206338,294
3f9b60c1-777b-4fe8-9d91-7aa19dab6172,"Челябинск, ул. Культуры, д. 95",3,55.17767433265,61.444063400381,249
3f9b60c1-777b-4fe8-9d91-7aa19dab6172,"Челябинск, ул. Культуры, д. 95",2,55.177822134807,61.44396638233,204
3f9b60c1-777b-4fe8-9d91-7aa19dab6172,"Челябинск, ул. Культуры, д. 95",1,55.177879199144,61.443679819754,339
a75a5d6e-2759-4eb6-b4a5-3ded77f7e831,"Челябинск, пр-кт. Комсомольский, д. 33",9,55.194001213502,61.352721354819,180
a75a5d6e-2759-4eb6-b4a5-3ded77f7e831,"Челябинск, пр-кт. Комсомольский, д. 33",8,55.194000442676,61.35229061264,180
a75a5d6e-2759-4eb6-b4a5-3ded77f7e831,"Челябинск, пр-кт. Комсомольский, д. 33",7,55.193999928792,61.351862565407,180
a75a5d6e-2759-4eb6-b4a5-3ded77f7e831,"Челябинск, пр-кт. Комсомольский, д. 33",6,55.193999414908,61.351441255539,180
a75a5d6e-2759-4eb6-b4a5-3ded77f7e831,"Челябинск, пр-кт. Комсомольский, д. 33",5,55.193998644082,61.35101230999,180
a75a5d6e-2759-4eb6-b4a5-3ded77f7e831,"Челябинск, пр-кт. Комсомольский, д. 33",4,55.193998130199,61.350586508546,180
a75a5d6e-2759-4eb6-b4a5-3ded77f7e831,"Челябинск, пр-кт. Комсомольский, д. 33",3,55.193997616315,61.350159359628,180
a75a5d6e-2759-4eb6-b4a5-3ded77f7e831,"Челябинск, пр-кт. Комсомольский, д. 33",2,55.193996845489,61.349731312395,180
a75a5d6e-2759-4eb6-b4a5-3ded77f7e831,"Челябинск, пр-кт. Комсомольский, д. 33",10,55.194001727386,61.353138622268,180
a75a5d6e-2759-4eb6-b4a5-3ded77f7e831,"Челябинск, пр-кт. Комсомольский, д. 33",1,55.193996331605,61.349298324428,180
7f005447-74e7-4475-9502-5186fa6b6ca1,"Челябинск, ул. Новосельская, д. 25",3,55.118502354874,61.372132151478,130
7f005447-74e7-4475-9502-5186fa6b6ca1,"Челябинск, ул. Новосельская, д. 25",2,55.118328331216,61.371876131622,130
7f005447-74e7-4475-9502-5186fa6b6ca1,"Челябинск, ул. Новосельская, д. 25",1,55.11816383182,61.371634035653,130
8a562216-f244-4d46-9c25-a0239372a9ce,"Челябинск, ул. Энгельса, д. 36 А",7,55.156490005538,61.378220932474,87
8a562216-f244-4d46-9c25-a0239372a9ce,"Челябинск, ул. Энгельса, д. 36 А",6,55.156283228323,61.378239347937,87
8a562216-f244-4d46-9c25-a0239372a9ce,"Челябинск, ул. Энгельса, д. 36 А",5,55.156091881285,61.378264949922,357
8a562216-f244-4d46-9c25-a0239372a9ce,"Челябинск, ул. Энгельса, д. 36 А",4,55.156099854096,61.378545673449,357
8a562216-f244-4d46-9c25-a0239372a9ce,"Челябинск, ул. Энгельса, д. 36 А",3,55.156102168783,61.379053670742,357
8a562216-f244-4d46-9c25-a0239372a9ce,"Челябинск, ул. Энгельса, д. 36 А",2,55.156098825347,61.379567057927,357
8a562216-f244-4d46-9c25-a0239372a9ce,"Челябинск, ул. Энгельса, д. 36 А",1,55.156141004067,61.379964113282,357
debcced5-bca8-4db8-b2f1-0cbecc7a7c0f,"Челябинск, ул. Российская, д. 71 А",1,55.16968242883,61.417957909067,87
d5669786-2b86-4729-bbdf-809f2f57027c,"Челябинск, ул. Университетская Набережная, д. 30",9,55.175125879841,61.348070776593,45
d5669786-2b86-4729-bbdf-809f2f57027c,"Челябинск, ул. Университетская Набережная, д. 30",8,55.175125879841,61.348394619253,360
d5669786-2b86-4729-bbdf-809f2f57027c,"Челябинск, ул. Университетская Набережная, д. 30",7,55.175125879841,61.348738224849,360
d5669786-2b86-4729-bbdf-809f2f57027c,"Челябинск, ул. Университетская Набережная, д. 30",6,55.175125879841,61.349097550962,360
d5669786-2b86-4729-bbdf-809f2f57027c,"Челябинск, ул. Университетская Набережная, д. 30",5,55.175125879841,61.349429927618,360
d5669786-2b86-4729-bbdf-809f2f57027c,"Челябинск, ул. Университетская Набережная, д. 30",4,55.175125879841,61.349795092781,360
d5669786-2b86-4729-bbdf-809f2f57027c,"Челябинск, ул. Университетская Набережная, д. 30",3,55.175125879841,61.350159808786,360
d5669786-2b86-4729-bbdf-809f2f57027c,"Челябинск, ул. Университетская Набережная, д. 30",2,55.175125879841,61.350508355116,360
d5669786-2b86-4729-bbdf-809f2f57027c,"Челябинск, ул. Университетская Набережная, д. 30",11,55.175505561872,61.348070776593,90
d5669786-2b86-4729-bbdf-809f2f57027c,"Челябинск, ул. Университетская Набережная, д. 30",10,55.175296827177,61.348070776593,90
d5669786-2b86-4729-bbdf-809f2f57027c,"Челябинск, ул. Университетская Набережная, д. 30",1,55.175125879841,61.350846121663,360
d534b45f-325b-4d13-b974-6dc40539e745,"Челябинск, ул. Молодогвардейцев, д. 65",9,55.175105057634,61.336248947454,45
d534b45f-325b-4d13-b974-6dc40539e745,"Челябинск, ул. Молодогвардейцев, д. 65",8,55.175105828827,61.336528323507,360
d534b45f-325b-4d13-b974-6dc40539e745,"Челябинск, ул. Молодогвардейцев, д. 65",7,55.175107114149,61.33685531027,360
d534b45f-325b-4d13-b974-6dc40539e745,"Челябинск, ул. Молодогвардейцев, д. 65",6,55.175108142406,61.337203856601,360
d534b45f-325b-4d13-b974-6dc40539e745,"Челябинск, ул. Молодогвардейцев, д. 65",5,55.175109427728,61.33755824198,360
d534b45f-325b-4d13-b974-6dc40539e745,"Челябинск, ул. Молодогвардейцев, д. 65",4,55.175110713049,61.337913076517,360
d534b45f-325b-4d13-b974-6dc40539e745,"Челябинск, ул. Молодогвардейцев, д. 65",3,55.175111741306,61.338272402631,360
d534b45f-325b-4d13-b974-6dc40539e745,"Челябинск, ул. Молодогвардейцев, д. 65",2,55.175113026628,61.338620948961,360
d534b45f-325b-4d13-b974-6dc40539e745,"Челябинск, ул. Молодогвардейцев, д. 65",11,55.175496050586,61.33624580335,90
d534b45f-325b-4d13-b974-6dc40539e745,"Челябинск, ул. Молодогвардейцев, д. 65",10,55.175281146324,61.336247599981,90
d534b45f-325b-4d13-b974-6dc40539e745,"Челябинск, ул. Молодогвардейцев, д. 65",1,55.175114311949,61.338980275075,360
c03ec7d6-949b-49f4-af5e-0b58615ac805,"Челябинск, ул. Горького, д. 66",6,55.184931667974,61.433745800185,159
c03ec7d6-949b-49f4-af5e-0b58615ac805,"Челябинск, ул. Горького, д. 66",5,55.184738402982,61.433853598019,69
c03ec7d6-949b-49f4-af5e-0b58615ac805,"Челябинск, ул. Горького, д. 66",4,55.184534856919,61.433987446996,69
c03ec7d6-949b-49f4-af5e-0b58615ac805,"Челябинск, ул. Горького, д. 66",3,55.184366262419,61.434098388934,69
c03ec7d6-949b-49f4-af5e-0b58615ac805,"Челябинск, ул. Горького, д. 66",2,55.184171709644,61.434225949704,69
c03ec7d6-949b-49f4-af5e-0b58615ac805,"Челябинск, ул. Горького, д. 66",1,55.183988721222,61.434346323952,69
2311aa69-c511-4ade-8749-d13cfccc75c1,"Челябинск, пр-кт. Комсомольский, д. 47 А",4,55.193405617627,61.329719991969,360
2311aa69-c511-4ade-8749-d13cfccc75c1,"Челябинск, пр-кт. Комсомольский, д. 47 А",3,55.193406388464,61.330017334328,360
2311aa69-c511-4ade-8749-d13cfccc75c1,"Челябинск, пр-кт. Комсомольский, д. 47 А",2,55.193407416247,61.330336685411,360
2311aa69-c511-4ade-8749-d13cfccc75c1,"Челябинск, пр-кт. Комсомольский, д. 47 А",1,55.19340844403,61.330627739563,360
119f717b-3c04-4706-85c8-af469dcd15bf,"Челябинск, ул. Энгельса, д. 38",4,55.155723587078,61.380844013103,268
119f717b-3c04-4706-85c8-af469dcd15bf,"Челябинск, ул. Энгельса, д. 38",3,55.155854496513,61.380834131635,268
119f717b-3c04-4706-85c8-af469dcd15bf,"Челябинск, ул. Энгельса, д. 38",2,55.155990292093,61.380823801009,268
119f717b-3c04-4706-85c8-af469dcd15bf,"Челябинск, ул. Энгельса, д. 38",1,55.156117857214,61.380813919541,268
840420e9-eb84-4beb-98b5-451b2ca7484f,"Челябинск, пр-кт. Комсомольский, д. 30 В",3,55.195098340383,61.348263016063,360
840420e9-eb84-4beb-98b5-451b2ca7484f,"Челябинск, пр-кт. Комсомольский, д. 30 В",2,55.195096798774,61.348633121961,360
840420e9-eb84-4beb-98b5-451b2ca7484f,"Челябинск, пр-кт. Комсомольский, д. 30 В",1,55.195132769635,61.348987058182,1
255dd670-08e4-4fad-81b2-6dc3c06b7744,"Челябинск, пр-кт. Победы, д. 356",9,55.189569745334,61.313964889358,360
255dd670-08e4-4fad-81b2-6dc3c06b7744,"Челябинск, пр-кт. Победы, д. 356",8,55.189569745334,61.314187671549,360
255dd670-08e4-4fad-81b2-6dc3c06b7744,"Челябинск, пр-кт. Победы, д. 356",7,55.189569745334,61.314407758793,360
255dd670-08e4-4fad-81b2-6dc3c06b7744,"Челябинск, пр-кт. Победы, д. 356",6,55.189569745334,61.314632786772,360
255dd670-08e4-4fad-81b2-6dc3c06b7744,"Челябинск, пр-кт. Победы, д. 356",5,55.189569745334,61.314855568962,360
255dd670-08e4-4fad-81b2-6dc3c06b7744,"Челябинск, пр-кт. Победы, д. 356",4,55.189569745334,61.315085986833,360
255dd670-08e4-4fad-81b2-6dc3c06b7744,"Челябинск, пр-кт. Победы, д. 356",3,55.189569745334,61.31529798924,360
255dd670-08e4-4fad-81b2-6dc3c06b7744,"Челябинск, пр-кт. Победы, д. 356",2,55.189569745334,61.315528856268,360
255dd670-08e4-4fad-81b2-6dc3c06b7744,"Челябинск, пр-кт. Победы, д. 356",10,55.189569745334,61.313745251271,360
255dd670-08e4-4fad-81b2-6dc3c06b7744,"Челябинск, пр-кт. Победы, д. 356",1,55.189569745334,61.315753884246,360
fac57cfa-08a9-4125-98a9-0e84d9cac4f9,"Челябинск, ул. Куйбышева, д. 88",4,55.199781985631,61.333353228135,89
fac57cfa-08a9-4125-98a9-0e84d9cac4f9,"Челябинск, ул. Куйбышева, д. 88",3,55.199619621669,61.333358618027,89
fac57cfa-08a9-4125-98a9-0e84d9cac4f9,"Челябинск, ул. Куйбышева, д. 88",2,55.199448008403,61.333364007919,89
fac57cfa-08a9-4125-98a9-0e84d9cac4f9,"Челябинск, ул. Куйбышева, д. 88",1,55.199277678933,61.333368948653,89
0857c3a4-89fa-4b0c-a08f-f8f41531f403,"Челябинск, ул. 250-летия Челябинска, д. 16 А",3,55.179985124257,61.301744657391,52
0857c3a4-89fa-4b0c-a08f-f8f41531f403,"Челябинск, ул. 250-летия Челябинска, д. 16 А",2,55.180085623931,61.301988999148,322
0857c3a4-89fa-4b0c-a08f-f8f41531f403,"Челябинск, ул. 250-летия Челябинска, д. 16 А",1,55.18020874211,61.302262536152,322
b25cf390-484b-4d79-9100-db1a1cfc45e6,"Челябинск, пр-кт. Свердловский, д. 12 А",5,55.188649522779,61.385317623218,267
b25cf390-484b-4d79-9100-db1a1cfc45e6,"Челябинск, пр-кт. Свердловский, д. 12 А",4,55.188825551364,61.385301902701,267
b25cf390-484b-4d79-9100-db1a1cfc45e6,"Челябинск, пр-кт. Свердловский, д. 12 А",3,55.189009031423,61.385285283868,267
b25cf390-484b-4d79-9100-db1a1cfc45e6,"Челябинск, пр-кт. Свердловский, д. 12 А",2,55.189178120137,61.385270012508,267
b25cf390-484b-4d79-9100-db1a1cfc45e6,"Челябинск, пр-кт. Свердловский, д. 12 А",1,55.189346694187,61.385255190306,267
09f40793-e180-4282-a996-f9cd1d7f3ce0,"Челябинск, ул. Захаренко, д. 6 Б",3,55.200043256625,61.31265020494,90
09f40793-e180-4282-a996-f9cd1d7f3ce0,"Челябинск, ул. Захаренко, д. 6 Б",2,55.199833109589,61.312647959152,90
09f40793-e180-4282-a996-f9cd1d7f3ce0,"Челябинск, ул. Захаренко, д. 6 Б",1,55.19962296144,61.312646162521,90
1ca65661-1765-4302-9add-5a9c9e48b21e,"Челябинск, пр-кт. Ленина, д. 83 А",2,55.158732337553,61.372317204426,87
1ca65661-1765-4302-9add-5a9c9e48b21e,"Челябинск, пр-кт. Ленина, д. 83 А",1,55.158502169379,61.37233561989,87
6b936ba1-bf94-4ae4-9773-a15dd70386c0,"Челябинск, ул. Энгельса, д. 44 В",1,55.153974400154,61.380310862982,359
257c6df9-a286-43d8-98cb-db0e1bca437f,"Челябинск, ул. Сони Кривой, д. 49 А",6,55.157346936448,61.385485159019,87
257c6df9-a286-43d8-98cb-db0e1bca437f,"Челябинск, ул. Сони Кривой, д. 49 А",5,55.15722709068,61.385495489644,87
257c6df9-a286-43d8-98cb-db0e1bca437f,"Челябинск, ул. Сони Кривой, д. 49 А",4,55.157111873807,61.385505371112,87
257c6df9-a286-43d8-98cb-db0e1bca437f,"Челябинск, ул. Сони Кривой, д. 49 А",3,55.156984569061,61.385516150896,87
257c6df9-a286-43d8-98cb-db0e1bca437f,"Челябинск, ул. Сони Кривой, д. 49 А",2,55.156866522477,61.385526481522,87
257c6df9-a286-43d8-98cb-db0e1bca437f,"Челябинск, ул. Сони Кривой, д. 49 А",1,55.156750790191,61.38553636299,87
22aaa063-6a55-4819-bf46-6cd4cfc68f2f,"Челябинск, ул. Чичерина, д. 30",9,55.179914440191,61.292635291252,323
22aaa063-6a55-4819-bf46-6cd4cfc68f2f,"Челябинск, ул. Чичерина, д. 30",8,55.180070973099,61.292482577654,233
22aaa063-6a55-4819-bf46-6cd4cfc68f2f,"Челябинск, ул. Чичерина, д. 30",7,55.180239585853,61.292259346306,232
22aaa063-6a55-4819-bf46-6cd4cfc68f2f,"Челябинск, ул. Чичерина, д. 30",6,55.180398173719,61.292046445583,233
22aaa063-6a55-4819-bf46-6cd4cfc68f2f,"Челябинск, ул. Чичерина, д. 30",5,55.180549050079,61.291792222358,233
22aaa063-6a55-4819-bf46-6cd4cfc68f2f,"Челябинск, ул. Чичерина, д. 30",4,55.180705837511,61.29157842332,233
22aaa063-6a55-4819-bf46-6cd4cfc68f2f,"Челябинск, ул. Чичерина, д. 30",3,55.180888069994,61.291398760263,232
22aaa063-6a55-4819-bf46-6cd4cfc68f2f,"Челябинск, ул. Чичерина, д. 30",2,55.18104716932,61.291188105329,233
22aaa063-6a55-4819-bf46-6cd4cfc68f2f,"Челябинск, ул. Чичерина, д. 30",1,55.18116899939,61.291021467844,232
5ef901cd-151f-465f-adac-4d82ef440dc1,"Челябинск, ул. Арзамасская 3-я, д. 13",7,55.187125622225,61.456465990351,112
5ef901cd-151f-465f-adac-4d82ef440dc1,"Челябинск, ул. Арзамасская 3-я, д. 13",6,55.187002782497,61.456379752084,112
5ef901cd-151f-465f-adac-4d82ef440dc1,"Челябинск, ул. Арзамасская 3-я, д. 13",5,55.18684447802,61.456265216885,112
5ef901cd-151f-465f-adac-4d82ef440dc1,"Челябинск, ул. Арзамасская 3-я, д. 13",4,55.186760956734,61.45632899727,22
5ef901cd-151f-465f-adac-4d82ef440dc1,"Челябинск, ул. Арзамасская 3-я, д. 13",3,55.186706475062,61.456568847451,22
5ef901cd-151f-465f-adac-4d82ef440dc1,"Челябинск, ул. Арзамасская 3-я, д. 13",2,55.186649937398,61.456816333312,22
5ef901cd-151f-465f-adac-4d82ef440dc1,"Челябинск, ул. Арзамасская 3-я, д. 13",1,55.186595455574,61.457053937704,22
fa0d81f0-8e5f-4c1a-b140-fb16e046a2ec,"Челябинск, пр-кт. Победы, д. 291",4,55.187675055514,61.327776936009,91
fa0d81f0-8e5f-4c1a-b140-fb16e046a2ec,"Челябинск, пр-кт. Победы, д. 291",3,55.187429636066,61.327770647802,91
fa0d81f0-8e5f-4c1a-b140-fb16e046a2ec,"Челябинск, пр-кт. Победы, д. 291",2,55.187187041946,61.327764359595,91
fa0d81f0-8e5f-4c1a-b140-fb16e046a2ec,"Челябинск, пр-кт. Победы, д. 291",1,55.1869369937,61.327758071388,91
d0784d86-eeda-4a20-941f-1986d106bf70,"Челябинск, ул. Братьев Кашириных, д. 118 А",6,55.176111708866,61.305799203425,264
d0784d86-eeda-4a20-941f-1986d106bf70,"Челябинск, ул. Братьев Кашириных, д. 118 А",5,55.176307072336,61.305760575868,264
d0784d86-eeda-4a20-941f-1986d106bf70,"Челябинск, ул. Братьев Кашириных, д. 118 А",4,55.176515030552,61.305719702523,264
d0784d86-eeda-4a20-941f-1986d106bf70,"Челябинск, ул. Братьев Кашириных, д. 118 А",3,55.176718103654,61.305679727493,264
d0784d86-eeda-4a20-941f-1986d106bf70,"Челябинск, ул. Братьев Кашириных, д. 118 А",2,55.176892385818,61.305546327673,234
d0784d86-eeda-4a20-941f-1986d106bf70,"Челябинск, ул. Братьев Кашириных, д. 118 А",1,55.177056385148,61.305335672739,234
e7be4554-3628-419c-8906-b266edf7f8dc,"Челябинск, пр-кт. Комсомольский, д. 82",1,55.194892021181,61.306958030142,270
4824dcf9-8ee7-4ebb-b17c-5f3968bcf582,"Челябинск, ул. Культуры, д. 59",5,55.184730178919,61.439062479194,70
4824dcf9-8ee7-4ebb-b17c-5f3968bcf582,"Челябинск, ул. Культуры, д. 59",4,55.184543595029,61.439182404284,70
4824dcf9-8ee7-4ebb-b17c-5f3968bcf582,"Челябинск, ул. Культуры, д. 59",3,55.184351099159,61.439305922636,70
4824dcf9-8ee7-4ebb-b17c-5f3968bcf582,"Челябинск, ул. Культуры, д. 59",2,55.184163485463,61.439426296884,70
4824dcf9-8ee7-4ebb-b17c-5f3968bcf582,"Челябинск, ул. Культуры, д. 59",1,55.183980239997,61.439543976186,70
58faa273-8c9d-409a-a873-704b13369ca0,"Челябинск, пр-кт. Ленина, д. 42",3,55.161642628299,61.414356113935,88
58faa273-8c9d-409a-a873-704b13369ca0,"Челябинск, пр-кт. Ленина, д. 42",2,55.161384704457,61.414374080241,88
58faa273-8c9d-409a-a873-704b13369ca0,"Челябинск, пр-кт. Ленина, д. 42",1,55.161091034393,61.414393843177,43
211296bb-fa1c-4c8d-957b-a6b1f0f0d6fb,"Челябинск, пр-кт. Победы, д. 338",8,55.190293111104,61.325901702854,270
211296bb-fa1c-4c8d-957b-a6b1f0f0d6fb,"Челябинск, пр-кт. Победы, д. 338",7,55.190414398851,61.325903050326,270
211296bb-fa1c-4c8d-957b-a6b1f0f0d6fb,"Челябинск, пр-кт. Победы, д. 338",6,55.190546221766,61.325904846957,270
211296bb-fa1c-4c8d-957b-a6b1f0f0d6fb,"Челябинск, пр-кт. Победы, д. 338",5,55.190676759425,61.325906643588,270
211296bb-fa1c-4c8d-957b-a6b1f0f0d6fb,"Челябинск, пр-кт. Победы, д. 338",4,55.190799587775,61.325908440218,270
211296bb-fa1c-4c8d-957b-a6b1f0f0d6fb,"Челябинск, пр-кт. Победы, д. 338",3,55.190928325868,61.325910236849,270
211296bb-fa1c-4c8d-957b-a6b1f0f0d6fb,"Челябинск, пр-кт. Победы, д. 338",2,55.191057320503,61.325912033479,270
211296bb-fa1c-4c8d-957b-a6b1f0f0d6fb,"Челябинск, пр-кт. Победы, д. 338",1,55.191181689436,61.32591383011,270
ee6b24d2-9aa7-40a9-8794-2dcafe4403a8,"Челябинск, ул. Плеханова, д. 4",4,55.156380958982,61.418962674712,350
ee6b24d2-9aa7-40a9-8794-2dcafe4403a8,"Челябинск, ул. Плеханова, д. 4",3,55.156410535318,61.419260466229,350
ee6b24d2-9aa7-40a9-8794-2dcafe4403a8,"Челябинск, ул. Плеханова, д. 4",2,55.156434967927,61.419505257143,305
ee6b24d2-9aa7-40a9-8794-2dcafe4403a8,"Челябинск, ул. Плеханова, д. 4",1,55.156630171072,61.419445968335,260
fa2d598f-96cb-43c7-849f-8c1bcebd578e,"Челябинск, ул. Молодогвардейцев, д. 38",1,55.193294102996,61.331942873139,314
8d696b30-1c70-4450-98ab-b714d7ef803c,"Челябинск, ул. Красного Урала, д. 4 А",2,55.197074633811,61.353325022689,360
8d696b30-1c70-4450-98ab-b714d7ef803c,"Челябинск, ул. Красного Урала, д. 4 А",1,55.196957991043,61.353086070824,135
30f87d55-6c02-4f85-85aa-4f600f4b4b22,"Челябинск, ул. Братьев Кашириных, д. 99 Б",7,55.177390036866,61.347847545245,89
30f87d55-6c02-4f85-85aa-4f600f4b4b22,"Челябинск, ул. Братьев Кашириных, д. 99 Б",6,55.177178227472,61.347851138506,89
30f87d55-6c02-4f85-85aa-4f600f4b4b22,"Челябинск, ул. Братьев Кашириных, д. 99 Б",5,55.176999062575,61.347853833452,45
30f87d55-6c02-4f85-85aa-4f600f4b4b22,"Челябинск, ул. Братьев Кашириных, д. 99 Б",4,55.17700086194,61.348223041033,360
30f87d55-6c02-4f85-85aa-4f600f4b4b22,"Челябинск, ул. Братьев Кашириных, д. 99 Б",3,55.177002661304,61.348614706497,360
30f87d55-6c02-4f85-85aa-4f600f4b4b22,"Челябинск, ул. Братьев Кашириных, д. 99 Б",2,55.177003946564,61.348864887304,315
30f87d55-6c02-4f85-85aa-4f600f4b4b22,"Челябинск, ул. Братьев Кашириных, д. 99 Б",1,55.177189023609,61.348862192358,270
faff9a81-0e13-4704-bb52-c2fe2d9ed542,"Челябинск, ул. Свободы, д. 92",3,55.151743374176,61.41444280136,258
faff9a81-0e13-4704-bb52-c2fe2d9ed542,"Челябинск, ул. Свободы, д. 92",2,55.151972552669,61.414359258038,258
faff9a81-0e13-4704-bb52-c2fe2d9ed542,"Челябинск, ул. Свободы, д. 92",1,55.152190926904,61.414279757136,258
1e00e51f-3335-442a-b6c1-403dbdffd4e8,"Челябинск, ул. Солнечная, д. 24 А",6,55.197278629371,61.314962917639,90
1e00e51f-3335-442a-b6c1-403dbdffd4e8,"Челябинск, ул. Солнечная, д. 24 А",5,55.197073092279,61.314962917639,90
1e00e51f-3335-442a-b6c1-403dbdffd4e8,"Челябинск, ул. Солнечная, д. 24 А",4,55.196879886442,61.314962917639,90
1e00e51f-3335-442a-b6c1-403dbdffd4e8,"Челябинск, ул. Солнечная, д. 24 А",3,55.1966620149,61.314962917639,90
1e00e51f-3335-442a-b6c1-403dbdffd4e8,"Челябинск, ул. Солнечная, д. 24 А",2,55.196486021094,61.314962917639,45
1e00e51f-3335-442a-b6c1-403dbdffd4e8,"Челябинск, ул. Солнечная, д. 24 А",1,55.196486021094,61.315276429673,360
c1c5b6bc-6a3e-4abe-9f0a-f2fd23c30668,"Челябинск, пр-кт. Победы, д. 362",1,55.189592101774,61.313145625819,315
f9d5ea0c-7799-4539-b7d0-daff87ba022c,"Челябинск, ул. Красного Урала, д. 6",8,55.195638156777,61.35407915837,270
f9d5ea0c-7799-4539-b7d0-daff87ba022c,"Челябинск, ул. Красного Урала, д. 6",7,55.195769962329,61.35407915837,270
f9d5ea0c-7799-4539-b7d0-daff87ba022c,"Челябинск, ул. Красного Урала, д. 6",6,55.195917183217,61.35407915837,270
f9d5ea0c-7799-4539-b7d0-daff87ba022c,"Челябинск, ул. Красного Урала, д. 6",5,55.196052327914,61.35407915837,270
f9d5ea0c-7799-4539-b7d0-daff87ba022c,"Челябинск, ул. Красного Урала, д. 6",4,55.196196464622,61.35407915837,270
f9d5ea0c-7799-4539-b7d0-daff87ba022c,"Челябинск, ул. Красного Урала, д. 6",3,55.196334691489,61.35407915837,270
f9d5ea0c-7799-4539-b7d0-daff87ba022c,"Челябинск, ул. Красного Урала, д. 6",2,55.196484993391,61.35407915837,270
f9d5ea0c-7799-4539-b7d0-daff87ba022c,"Челябинск, ул. Красного Урала, д. 6",1,55.196617053053,61.35407915837,270
1e0e6dd0-6f97-4bdb-98b2-116504f7d2c2,"Челябинск, ул. Молодогвардейцев, д. 62",9,55.183330778352,61.33190469474,268
1e0e6dd0-6f97-4bdb-98b2-116504f7d2c2,"Челябинск, ул. Молодогвардейцев, д. 62",8,55.183459540687,61.331897957375,268
1e0e6dd0-6f97-4bdb-98b2-116504f7d2c2,"Челябинск, ул. Молодогвардейцев, д. 62",7,55.183591386716,61.331890770853,268
1e0e6dd0-6f97-4bdb-98b2-116504f7d2c2,"Челябинск, ул. Молодогвардейцев, д. 62",6,55.183718863162,61.33188358433,268
1e0e6dd0-6f97-4bdb-98b2-116504f7d2c2,"Челябинск, ул. Молодогвардейцев, д. 62",5,55.183838628966,61.331847202561,254
1e0e6dd0-6f97-4bdb-98b2-116504f7d2c2,"Челябинск, ул. Молодогвардейцев, д. 62",4,55.183970987749,61.331745243777,241
1e0e6dd0-6f97-4bdb-98b2-116504f7d2c2,"Челябинск, ул. Молодогвардейцев, д. 62",3,55.184087925724,61.331629810263,241
1e0e6dd0-6f97-4bdb-98b2-116504f7d2c2,"Челябинск, ул. Молодогвардейцев, д. 62",2,55.184192784099,61.331526953163,241
1e0e6dd0-6f97-4bdb-98b2-116504f7d2c2,"Челябинск, ул. Молодогвардейцев, д. 62",14,55.182752499242,61.331439367422,301
1e0e6dd0-6f97-4bdb-98b2-116504f7d2c2,"Челябинск, ул. Молодогвардейцев, д. 62",13,55.182857104132,61.331548961887,301
1e0e6dd0-6f97-4bdb-98b2-116504f7d2c2,"Челябинск, ул. Молодогвардейцев, д. 62",12,55.182965820961,61.331663047928,301
1e0e6dd0-6f97-4bdb-98b2-116504f7d2c2,"Челябинск, ул. Молодогвардейцев, д. 62",11,55.183071196327,61.331773540708,301
1e0e6dd0-6f97-4bdb-98b2-116504f7d2c2,"Челябинск, ул. Молодогвардейцев, д. 62",10,55.183200987552,61.331877296123,289
1e0e6dd0-6f97-4bdb-98b2-116504f7d2c2,"Челябинск, ул. Молодогвардейцев, д. 62",1,55.184303039297,61.331418257013,241
0fd79fb3-3411-49f9-9719-879ddb2b030b,"Челябинск, ул. Курчатова, д. 25 А",3,55.150871660737,61.383510662024,268
0fd79fb3-3411-49f9-9719-879ddb2b030b,"Челябинск, ул. Курчатова, д. 25 А",2,55.151058917406,61.383496738137,268
0fd79fb3-3411-49f9-9719-879ddb2b030b,"Челябинск, ул. Курчатова, д. 25 А",1,55.151237170531,61.383483712566,268
67ac2d5b-12aa-4cc5-928d-3fc2f3b3cb49,"Челябинск, ул. 40-летия Победы, д. 47",9,55.179010958219,61.310421035562,142
67ac2d5b-12aa-4cc5-928d-3fc2f3b3cb49,"Челябинск, ул. 40-летия Победы, д. 47",8,55.178900945353,61.310181634539,142
67ac2d5b-12aa-4cc5-928d-3fc2f3b3cb49,"Челябинск, ул. 40-летия Победы, д. 47",7,55.17879504483,61.309938640255,142
67ac2d5b-12aa-4cc5-928d-3fc2f3b3cb49,"Челябинск, ул. 40-летия Победы, д. 47",6,55.178696084134,61.309719900483,97
67ac2d5b-12aa-4cc5-928d-3fc2f3b3cb49,"Челябинск, ул. 40-летия Победы, д. 47",5,55.178564478878,61.309900911013,52
67ac2d5b-12aa-4cc5-928d-3fc2f3b3cb49,"Челябинск, ул. 40-летия Победы, д. 47",4,55.178421563301,61.310100337006,52
67ac2d5b-12aa-4cc5-928d-3fc2f3b3cb49,"Челябинск, ул. 40-летия Победы, д. 47",3,55.178284045129,61.310291229004,52
67ac2d5b-12aa-4cc5-928d-3fc2f3b3cb49,"Челябинск, ул. 40-летия Победы, д. 47",2,55.178143441944,61.310480324371,52
67ac2d5b-12aa-4cc5-928d-3fc2f3b3cb49,"Челябинск, ул. 40-летия Победы, д. 47",1,55.178003352352,61.310673012999,52
bf884b1b-967d-4da9-9e40-b303abd7488a,"Челябинск, пр-кт. Победы, д. 287 А",1,55.18823707318,61.335592728139,360
aa84b099-dd40-44eb-b489-ef3d5053ed5d,"Челябинск, ш. Копейское, д. 43",9,55.140931900498,61.451227464772,288
aa84b099-dd40-44eb-b489-ef3d5053ed5d,"Челябинск, ш. Копейское, д. 43",8,55.141133097383,61.451338855867,288
aa84b099-dd40-44eb-b489-ef3d5053ed5d,"Челябинск, ш. Копейское, д. 43",7,55.141318598979,61.451441712967,288
aa84b099-dd40-44eb-b489-ef3d5053ed5d,"Челябинск, ш. Копейское, д. 43",6,55.141506415246,61.451471806529,258
aa84b099-dd40-44eb-b489-ef3d5053ed5d,"Челябинск, ш. Копейское, д. 43",5,55.141698347118,61.451402636252,258
aa84b099-dd40-44eb-b489-ef3d5053ed5d,"Челябинск, ш. Копейское, д. 43",4,55.141930413638,61.45134963565,48
aa84b099-dd40-44eb-b489-ef3d5053ed5d,"Челябинск, ш. Копейское, д. 43",3,55.142082979913,61.451107090524,48
aa84b099-dd40-44eb-b489-ef3d5053ed5d,"Челябинск, ш. Копейское, д. 43",2,55.14222268174,61.450704196119,13
aa84b099-dd40-44eb-b489-ef3d5053ed5d,"Челябинск, ш. Копейское, д. 43",10,55.140729158873,61.451114726203,288
aa84b099-dd40-44eb-b489-ef3d5053ed5d,"Челябинск, ш. Копейское, д. 43",1,55.142266933413,61.450369573675,13
e584a7ca-b79f-4ad2-95cf-a5c019a6179b,"Челябинск, ул. Чичерина, д. 17 А",2,55.184960966042,61.291467032225,52
e584a7ca-b79f-4ad2-95cf-a5c019a6179b,"Челябинск, ул. Чичерина, д. 17 А",1,55.184786462317,61.291705534933,52
339b18e5-a504-40c4-91c9-0a58778ffcb4,"Челябинск, ул. Кирова, д. 130",2,55.155175511653,61.40090294424,268
339b18e5-a504-40c4-91c9-0a58778ffcb4,"Челябинск, ул. Кирова, д. 130",1,55.155301793428,61.400895757718,268
0064e44c-57b5-4aef-a2a4-4e00aecefd9a,"Челябинск, ул. Набережная, д. 16",4,55.176216331265,61.406757264947,267
0064e44c-57b5-4aef-a2a4-4e00aecefd9a,"Челябинск, ул. Набережная, д. 16",3,55.17634922959,61.406745586848,267
0064e44c-57b5-4aef-a2a4-4e00aecefd9a,"Челябинск, ул. Набережная, д. 16",2,55.176479813972,61.406734357907,267
0064e44c-57b5-4aef-a2a4-4e00aecefd9a,"Челябинск, ул. Набережная, д. 16",1,55.176651783692,61.406719086547,267
4698d96a-5783-400b-9cdb-3fe4daf90ae8,"Челябинск, ул. Ворошилова, д. 23 А",3,55.196950026436,61.323585846051,90
4698d96a-5783-400b-9cdb-3fe4daf90ae8,"Челябинск, ул. Ворошилова, д. 23 А",2,55.196776603148,61.323585846051,90
4698d96a-5783-400b-9cdb-3fe4daf90ae8,"Челябинск, ул. Ворошилова, д. 23 А",1,55.196597012899,61.323585846051,90
33f32d6c-ece1-48b8-b924-13cdde74e0db,"Челябинск, ул. Барбюса, д. 3",9,55.145469646018,61.437552411201,199
33f32d6c-ece1-48b8-b924-13cdde74e0db,"Челябинск, ул. Барбюса, д. 3",8,55.145524441569,61.437280670828,199
33f32d6c-ece1-48b8-b924-13cdde74e0db,"Челябинск, ул. Барбюса, д. 3",7,55.145574091933,61.43703453244,199
33f32d6c-ece1-48b8-b924-13cdde74e0db,"Челябинск, ул. Барбюса, д. 3",6,55.145708893644,61.436927183764,64
33f32d6c-ece1-48b8-b924-13cdde74e0db,"Челябинск, ул. Барбюса, д. 3",5,55.14581205266,61.436990514991,109
33f32d6c-ece1-48b8-b924-13cdde74e0db,"Челябинск, ул. Барбюса, д. 3",4,55.145937849701,61.437067770106,109
33f32d6c-ece1-48b8-b924-13cdde74e0db,"Челябинск, ул. Барбюса, д. 3",3,55.146121270849,61.437180059516,109
33f32d6c-ece1-48b8-b924-13cdde74e0db,"Челябинск, ул. Барбюса, д. 3",2,55.146301346888,61.437291001454,109
33f32d6c-ece1-48b8-b924-13cdde74e0db,"Челябинск, ул. Барбюса, д. 3",19,55.145772692768,61.439708367883,199
33f32d6c-ece1-48b8-b924-13cdde74e0db,"Челябинск, ул. Барбюса, д. 3",18,55.145831861219,61.43941372047,199
33f32d6c-ece1-48b8-b924-13cdde74e0db,"Челябинск, ул. Барбюса, д. 3",17,55.145878424155,61.439078648869,289
33f32d6c-ece1-48b8-b924-13cdde74e0db,"Челябинск, ул. Барбюса, д. 3",16,55.145731532055,61.439205311324,109
33f32d6c-ece1-48b8-b924-13cdde74e0db,"Челябинск, ул. Барбюса, д. 3",15,55.145550681665,61.439094369387,109
33f32d6c-ece1-48b8-b924-13cdde74e0db,"Челябинск, ул. Барбюса, д. 3",14,55.145398385962,61.439000944597,109
33f32d6c-ece1-48b8-b924-13cdde74e0db,"Челябинск, ул. Барбюса, д. 3",13,55.145238371942,61.438700008977,199
33f32d6c-ece1-48b8-b924-13cdde74e0db,"Челябинск, ул. Барбюса, д. 3",12,55.145280819454,61.438490252358,199
33f32d6c-ece1-48b8-b924-13cdde74e0db,"Челябинск, ул. Барбюса, д. 3",11,55.145323781435,61.438276902478,199
33f32d6c-ece1-48b8-b924-13cdde74e0db,"Челябинск, ул. Барбюса, д. 3",10,55.14537343205,61.438030314933,199
33f32d6c-ece1-48b8-b924-13cdde74e0db,"Челябинск, ул. Барбюса, д. 3",1,55.146465729874,61.437392061923,109
5fcba412-99a7-4302-91ea-a9ef27dce12a,"Челябинск, ул. Цвиллинга, д. 63",3,55.14843750094,61.412881080238,82
5fcba412-99a7-4302-91ea-a9ef27dce12a,"Челябинск, ул. Цвиллинга, д. 63",2,55.148280843256,61.413057150034,36
5fcba412-99a7-4302-91ea-a9ef27dce12a,"Челябинск, ул. Цвиллинга, д. 63",1,55.148236341043,61.413397162369,352
67ced407-cbc4-4f85-b2bc-e50426b172e5,"Магнитогорск, пр-кт. Карла Маркса, д. 141/1",1,53.384014809429,58.979862405162,360
6c46f19b-558f-4beb-a4a1-97963fbca9b3,"Челябинск, ул. Российская, д. 161",2,55.166041990414,61.416679606417,87
6c46f19b-558f-4beb-a4a1-97963fbca9b3,"Челябинск, ул. Российская, д. 161",1,55.165801065379,61.416702513457,87
23cbad91-4b65-4354-a327-27beadc56226,"Челябинск, ул. Коммуны, д. 139",4,55.161795633176,61.372666649072,87
23cbad91-4b65-4354-a327-27beadc56226,"Челябинск, ул. Коммуны, д. 139",3,55.161595055234,61.372683267905,87
23cbad91-4b65-4354-a327-27beadc56226,"Челябинск, ул. Коммуны, д. 139",2,55.161331730858,61.372705276629,87
23cbad91-4b65-4354-a327-27beadc56226,"Челябинск, ул. Коммуны, д. 139",1,55.161045003599,61.372728632826,87
32c9c358-b133-498b-9152-2512b23e6793,"Челябинск, ул. Ворошилова, д. 57 А",6,55.179485706503,61.322516401705,90
32c9c358-b133-498b-9152-2512b23e6793,"Челябинск, ул. Ворошилова, д. 57 А",5,55.17941913413,61.322798023547,360
32c9c358-b133-498b-9152-2512b23e6793,"Челябинск, ул. Ворошилова, д. 57 А",4,55.179420419312,61.323246282874,360
32c9c358-b133-498b-9152-2512b23e6793,"Челябинск, ул. Ворошилова, д. 57 А",3,55.179421447458,61.323680618314,360
32c9c358-b133-498b-9152-2512b23e6793,"Челябинск, ул. Ворошилова, д. 57 А",2,55.179422732639,61.324118097857,360
32c9c358-b133-498b-9152-2512b23e6793,"Челябинск, ул. Ворошилова, д. 57 А",1,55.179358730529,61.324493593646,360
b5fcd19e-1751-4619-a91a-50884934f881,"Челябинск, ул. Ковшовой, д. 4",4,55.117927507555,61.350565847294,216
b5fcd19e-1751-4619-a91a-50884934f881,"Челябинск, ул. Ковшовой, д. 4",3,55.117807542848,61.350848816609,216
b5fcd19e-1751-4619-a91a-50884934f881,"Челябинск, ул. Ковшовой, д. 4",2,55.117730312158,61.351187930629,216
b5fcd19e-1751-4619-a91a-50884934f881,"Челябинск, ул. Ковшовой, д. 4",1,55.117604940686,61.351486171303,216
0bf4a50e-f5f8-4b16-b5fe-ed6faa4b4fb8,"Челябинск, ул. Карпенко, д. 15",4,55.178000010759,61.442315727995,250
0bf4a50e-f5f8-4b16-b5fe-ed6faa4b4fb8,"Челябинск, ул. Карпенко, д. 15",3,55.178124420634,61.442281592015,250
0bf4a50e-f5f8-4b16-b5fe-ed6faa4b4fb8,"Челябинск, ул. Карпенко, д. 15",2,55.17807995186,61.441957749355,160
0bf4a50e-f5f8-4b16-b5fe-ed6faa4b4fb8,"Челябинск, ул. Карпенко, д. 15",1,55.177976876649,61.441625821857,70
71087fa5-b952-49d7-867d-be3a759f92a9,"Челябинск, пр-кт. Комсомольский, д. 109",9,55.188014014538,61.290093508156,142
71087fa5-b952-49d7-867d-be3a759f92a9,"Челябинск, пр-кт. Комсомольский, д. 109",8,55.187895803229,61.289826708516,142
71087fa5-b952-49d7-867d-be3a759f92a9,"Челябинск, пр-кт. Комсомольский, д. 109",7,55.187777591567,61.289560358034,142
71087fa5-b952-49d7-867d-be3a759f92a9,"Челябинск, пр-кт. Комсомольский, д. 109",6,55.187648843248,61.289269303882,142
71087fa5-b952-49d7-867d-be3a759f92a9,"Челябинск, пр-кт. Комсомольский, д. 109",5,55.187528317995,61.288997563509,142
71087fa5-b952-49d7-867d-be3a759f92a9,"Челябинск, пр-кт. Комсомольский, д. 109",4,55.187407021423,61.288724026505,142
71087fa5-b952-49d7-867d-be3a759f92a9,"Челябинск, пр-кт. Комсомольский, д. 109",3,55.187296003895,61.288432074038,97
71087fa5-b952-49d7-867d-be3a759f92a9,"Челябинск, пр-кт. Комсомольский, д. 109",2,55.187143354288,61.288638237395,52
71087fa5-b952-49d7-867d-be3a759f92a9,"Челябинск, пр-кт. Комсомольский, д. 109",12,55.18783644046,61.29078790587,232
71087fa5-b952-49d7-867d-be3a759f92a9,"Челябинск, пр-кт. Комсомольский, д. 109",11,55.187996282864,61.290575454306,232
71087fa5-b952-49d7-867d-be3a759f92a9,"Челябинск, пр-кт. Комсомольский, д. 109",10,55.188150985028,61.290366146844,188
71087fa5-b952-49d7-867d-be3a759f92a9,"Челябинск, пр-кт. Комсомольский, д. 109",1,55.18698813422,61.288848892329,53
4bbe770b-9167-4a90-aefb-5eb218b911b7,"Челябинск, ул. 250-летия Челябинска, д. 5 Б",4,55.180498158287,61.314590116796,360
4bbe770b-9167-4a90-aefb-5eb218b911b7,"Челябинск, ул. 250-летия Челябинска, д. 5 Б",3,55.180498158287,61.314847484125,360
4bbe770b-9167-4a90-aefb-5eb218b911b7,"Челябинск, ул. 250-летия Челябинска, д. 5 Б",2,55.180497901258,61.315137190804,360
4bbe770b-9167-4a90-aefb-5eb218b911b7,"Челябинск, ул. 250-летия Челябинска, д. 5 Б",1,55.180496102052,61.315443067158,360
bef7e23c-c955-44b5-b766-18103f753bd2,"Челябинск, ул. Пермская, д. 51",6,55.171265358742,61.424278904563,250
bef7e23c-c955-44b5-b766-18103f753bd2,"Челябинск, ул. Пермская, д. 51",5,55.171462545686,61.424156733685,250
bef7e23c-c955-44b5-b766-18103f753bd2,"Челябинск, ул. Пермская, д. 51",4,55.171655618264,61.424036808594,250
bef7e23c-c955-44b5-b766-18103f753bd2,"Челябинск, ул. Пермская, д. 51",3,55.171853831611,61.4239137394,250
bef7e23c-c955-44b5-b766-18103f753bd2,"Челябинск, ул. Пермская, д. 51",2,55.172034048075,61.423801899147,250
bef7e23c-c955-44b5-b766-18103f753bd2,"Челябинск, ул. Пермская, д. 51",1,55.17220757956,61.423694550471,250
9dfe7bf8-d0ee-4ac3-b696-2d106a7b874d,"Челябинск, ул. Болейко, д. 3",2,55.187742128,61.405724651527,88
9dfe7bf8-d0ee-4ac3-b696-2d106a7b874d,"Челябинск, ул. Болейко, д. 3",1,55.187570463328,61.405736329626,88
f9f14fa5-0525-4d0c-8d2c-7aacf85c61b9,"Челябинск, ул. Ворошилова, д. 3",4,55.201171043811,61.326296512421,131
f9f14fa5-0525-4d0c-8d2c-7aacf85c61b9,"Челябинск, ул. Ворошилова, д. 3",3,55.201075478578,61.326149637872,131
f9f14fa5-0525-4d0c-8d2c-7aacf85c61b9,"Челябинск, ул. Ворошилова, д. 3",2,55.200981968289,61.326005907426,131
f9f14fa5-0525-4d0c-8d2c-7aacf85c61b9,"Челябинск, ул. Ворошилова, д. 3",1,55.200881264653,61.325851397198,131
7f087852-1ff9-4be9-9258-0d6e8ff7bf38,"Челябинск, ул. Харлова, д. 13",4,55.148925476662,61.431221983394,20
7f087852-1ff9-4be9-9258-0d6e8ff7bf38,"Челябинск, ул. Харлова, д. 13",3,55.148852679399,61.431574122986,20
7f087852-1ff9-4be9-9258-0d6e8ff7bf38,"Челябинск, ул. Харлова, д. 13",2,55.148788885221,61.431882245128,20
7f087852-1ff9-4be9-9258-0d6e8ff7bf38,"Челябинск, ул. Харлова, д. 13",1,55.148726634353,61.432183629906,20
4dda7a69-a47b-4d15-a04b-1ed2e8163039,"Челябинск, ул. Куйбышева, д. 25",8,55.197436121446,61.351253956802,360
4dda7a69-a47b-4d15-a04b-1ed2e8163039,"Челябинск, ул. Куйбышева, д. 25",7,55.197436121446,61.351487518776,360
4dda7a69-a47b-4d15-a04b-1ed2e8163039,"Челябинск, ул. Куйбышева, д. 25",6,55.197436121446,61.351744886105,360
4dda7a69-a47b-4d15-a04b-1ed2e8163039,"Челябинск, ул. Куйбышева, д. 25",5,55.197436121446,61.35198383797,360
4dda7a69-a47b-4d15-a04b-1ed2e8163039,"Челябинск, ул. Куйбышева, д. 25",4,55.197436121446,61.352230425516,360
4dda7a69-a47b-4d15-a04b-1ed2e8163039,"Челябинск, ул. Куйбышева, д. 25",3,55.197436121446,61.352479708007,360
4dda7a69-a47b-4d15-a04b-1ed2e8163039,"Челябинск, ул. Куйбышева, д. 25",2,55.197436121446,61.352729439656,360
4dda7a69-a47b-4d15-a04b-1ed2e8163039,"Челябинск, ул. Куйбышева, д. 25",1,55.197436121446,61.352959857526,360
f919e816-f0f3-45c9-999a-ea20bb37b314,"Челябинск, пр-кт. Победы, д. 336",1,55.189600067859,61.325666793407,314
1793594e-9c7c-4a45-a067-86a9c230f395,"Челябинск, ул. Молодогвардейцев, д. 36",8,55.192815922648,61.3311236096,270
1793594e-9c7c-4a45-a067-86a9c230f395,"Челябинск, ул. Молодогвардейцев, д. 36",7,55.192943369451,61.331124957073,270
1793594e-9c7c-4a45-a067-86a9c230f395,"Челябинск, ул. Молодогвардейцев, д. 36",6,55.193067475522,61.331125855388,270
1793594e-9c7c-4a45-a067-86a9c230f395,"Челябинск, ул. Молодогвардейцев, д. 36",5,55.1931964632,61.331126753704,270
1793594e-9c7c-4a45-a067-86a9c230f395,"Челябинск, ул. Молодогвардейцев, д. 36",4,55.193325450458,61.331127652019,270
1793594e-9c7c-4a45-a067-86a9c230f395,"Челябинск, ул. Молодогвардейцев, д. 36",3,55.193452638679,61.331128550334,270
1793594e-9c7c-4a45-a067-86a9c230f395,"Челябинск, ул. Молодогвардейцев, д. 36",2,55.193583166772,61.331129448649,270
1793594e-9c7c-4a45-a067-86a9c230f395,"Челябинск, ул. Молодогвардейцев, д. 36",1,55.193709069447,61.331130346965,270
2fbd55c9-af56-469f-aa6a-8222318c060c,"Челябинск, ул. Салавата Юлаева, д. 1 А",3,55.188663399513,61.277929870051,52
2fbd55c9-af56-469f-aa6a-8222318c060c,"Челябинск, ул. Салавата Юлаева, д. 1 А",2,55.188526944748,61.278114024684,52
2fbd55c9-af56-469f-aa6a-8222318c060c,"Челябинск, ул. Салавата Юлаева, д. 1 А",1,55.188397170948,61.278289645322,52
98488488-2132-46d5-8762-4b2d6e50cad7,"Челябинск, ул. Захаренко, д. 5",9,55.198392364958,61.311285664023,180
98488488-2132-46d5-8762-4b2d6e50cad7,"Челябинск, ул. Захаренко, д. 5",8,55.198391337304,61.310860311736,180
98488488-2132-46d5-8762-4b2d6e50cad7,"Челябинск, ул. Захаренко, д. 5",7,55.198390566563,61.310515807825,180
98488488-2132-46d5-8762-4b2d6e50cad7,"Челябинск, ул. Захаренко, д. 5",6,55.198390052736,61.310219812939,135
98488488-2132-46d5-8762-4b2d6e50cad7,"Челябинск, ул. Захаренко, д. 5",5,55.198226141586,61.310220711254,90
98488488-2132-46d5-8762-4b2d6e50cad7,"Челябинск, ул. Захаренко, д. 5",4,55.198021380154,61.310221609569,90
98488488-2132-46d5-8762-4b2d6e50cad7,"Челябинск, ул. Захаренко, д. 5",3,55.197832032694,61.310002869798,315
98488488-2132-46d5-8762-4b2d6e50cad7,"Челябинск, ул. Захаренко, д. 5",2,55.197831518859,61.309672289773,360
98488488-2132-46d5-8762-4b2d6e50cad7,"Челябинск, ул. Захаренко, д. 5",14,55.197612881791,61.311546175456,270
98488488-2132-46d5-8762-4b2d6e50cad7,"Челябинск, ул. Захаренко, д. 5",13,55.197817131498,61.31154527714,270
98488488-2132-46d5-8762-4b2d6e50cad7,"Челябинск, ул. Захаренко, д. 5",12,55.198021123238,61.311543929667,270
98488488-2132-46d5-8762-4b2d6e50cad7,"Челябинск, ул. Захаренко, д. 5",11,55.198219204892,61.311543031352,270
98488488-2132-46d5-8762-4b2d6e50cad7,"Челябинск, ул. Захаренко, д. 5",10,55.198370270392,61.311542133037,270
98488488-2132-46d5-8762-4b2d6e50cad7,"Челябинск, ул. Захаренко, д. 5",1,55.197831261942,61.30933766733,360
8fdc213f-8ba5-44b3-91b7-8eb51431ded5,"Челябинск, ул. Машиностроителей, д. 46",3,55.113225958901,61.466996940427,334
8fdc213f-8ba5-44b3-91b7-8eb51431ded5,"Челябинск, ул. Машиностроителей, д. 46",2,55.113321993245,61.467057127551,290
8fdc213f-8ba5-44b3-91b7-8eb51431ded5,"Челябинск, ул. Машиностроителей, д. 46",1,55.113461281251,61.467144264133,290
1920558c-781e-4459-a956-92f16c58e2a6,"Челябинск, ул. Дегтярева, д. 91",4,55.2439123469,61.398048996582,50
1920558c-781e-4459-a956-92f16c58e2a6,"Челябинск, ул. Дегтярева, д. 91",3,55.243701662586,61.398355771252,50
1920558c-781e-4459-a956-92f16c58e2a6,"Челябинск, ул. Дегтярева, д. 91",2,55.243462492189,61.398703868424,50
1920558c-781e-4459-a956-92f16c58e2a6,"Челябинск, ул. Дегтярева, д. 91",1,55.243290812118,61.398953600073,50
03e6e583-72da-4745-bf99-aac2b23c78e0,"Челябинск, ул. Орджоникидзе, д. 41",4,55.151265464604,61.40505181338,358
03e6e583-72da-4745-bf99-aac2b23c78e0,"Челябинск, ул. Орджоникидзе, д. 41",3,55.15127240951,61.405407097075,358
03e6e583-72da-4745-bf99-aac2b23c78e0,"Челябинск, ул. Орджоникидзе, д. 41",2,55.151281669382,61.405767770661,358
03e6e583-72da-4745-bf99-aac2b23c78e0,"Челябинск, ул. Орджоникидзе, д. 41",1,55.15117826735,61.406092062479,268
a8c70a6e-5e81-4bbd-8ea3-fb3d9c980e8a,"Челябинск, ул. Красного Урала, д. 4",8,55.196924847991,61.354072421006,270
a8c70a6e-5e81-4bbd-8ea3-fb3d9c980e8a,"Челябинск, ул. Красного Урала, д. 4",7,55.197059989253,61.354072870163,270
a8c70a6e-5e81-4bbd-8ea3-fb3d9c980e8a,"Челябинск, ул. Красного Урала, д. 4",6,55.197234695907,61.354073319321,270
a8c70a6e-5e81-4bbd-8ea3-fb3d9c980e8a,"Челябинск, ул. Красного Урала, д. 4",5,55.197366753072,61.354073768479,270
a8c70a6e-5e81-4bbd-8ea3-fb3d9c980e8a,"Челябинск, ул. Красного Урала, д. 4",4,55.197489560703,61.354074217636,270
a8c70a6e-5e81-4bbd-8ea3-fb3d9c980e8a,"Челябинск, ул. Красного Урала, д. 4",3,55.197627526144,61.354074666794,270
a8c70a6e-5e81-4bbd-8ea3-fb3d9c980e8a,"Челябинск, ул. Красного Урала, д. 4",2,55.197770372539,61.354075115952,270
a8c70a6e-5e81-4bbd-8ea3-fb3d9c980e8a,"Челябинск, ул. Красного Урала, д. 4",1,55.197908337003,61.354075565109,270
7199da30-0f70-4730-b95b-29d238b0be1a,"Челябинск, пр-кт. Победы, д. 318",8,55.190154092277,61.33743247784,360
7199da30-0f70-4730-b95b-29d238b0be1a,"Челябинск, пр-кт. Победы, д. 318",7,55.190154092277,61.337663344868,360
7199da30-0f70-4730-b95b-29d238b0be1a,"Челябинск, пр-кт. Победы, д. 318",6,55.190154092277,61.337888372847,360
7199da30-0f70-4730-b95b-29d238b0be1a,"Челябинск, пр-кт. Победы, д. 318",5,55.190154092277,61.338113849983,360
7199da30-0f70-4730-b95b-29d238b0be1a,"Челябинск, пр-кт. Победы, д. 318",4,55.190154092277,61.338333937228,360
7199da30-0f70-4730-b95b-29d238b0be1a,"Челябинск, пр-кт. Победы, д. 318",3,55.190154092277,61.338558965207,360
7199da30-0f70-4730-b95b-29d238b0be1a,"Челябинск, пр-кт. Победы, д. 318",2,55.190154092277,61.338779052451,360
7199da30-0f70-4730-b95b-29d238b0be1a,"Челябинск, пр-кт. Победы, д. 318",1,55.190154092277,61.339004529588,360
e5b947a5-3e3b-4191-9983-a345f66dd66b,"Челябинск, пр-кт. Комсомольский, д. 100",1,55.190288228751,61.292222515379,231
c1075cb7-b9a6-4fc4-b6b2-3caa183784c7,"Челябинск, ул. Чайковского, д. 10",4,55.195042842422,61.360691657177,358
c1075cb7-b9a6-4fc4-b6b2-3caa183784c7,"Челябинск, ул. Чайковского, д. 10",3,55.195048494995,61.36094632956,358
c1075cb7-b9a6-4fc4-b6b2-3caa183784c7,"Челябинск, ул. Чайковского, д. 10",2,55.195053633698,61.361173154169,358
c1075cb7-b9a6-4fc4-b6b2-3caa183784c7,"Челябинск, ул. Чайковского, д. 10",1,55.19505980014,61.3614453437,358
a9d644ce-e972-4ceb-8610-631ad5779e55,"Челябинск, ул. Солнечная, д. 24",6,55.1974538489,61.317148518725,270
a9d644ce-e972-4ceb-8610-631ad5779e55,"Челябинск, ул. Солнечная, д. 24",5,55.197653988735,61.31714762041,270
a9d644ce-e972-4ceb-8610-631ad5779e55,"Челябинск, ул. Солнечная, д. 24",4,55.197855155227,61.317148967883,270
a9d644ce-e972-4ceb-8610-631ad5779e55,"Челябинск, ул. Солнечная, д. 24",3,55.198055549952,61.31714941704,270
a9d644ce-e972-4ceb-8610-631ad5779e55,"Челябинск, ул. Солнечная, д. 24",2,55.19825337452,61.317152561144,270
a9d644ce-e972-4ceb-8610-631ad5779e55,"Челябинск, ул. Солнечная, д. 24",1,55.198419083951,61.317149866198,270
99404d5b-93c3-4223-8438-77ba8e8a66a1,"Челябинск, ул. Краснознаменная, д. 3",3,55.191485929148,61.379860807025,132
99404d5b-93c3-4223-8438-77ba8e8a66a1,"Челябинск, ул. Краснознаменная, д. 3",2,55.191304002303,61.379880120803,87
99404d5b-93c3-4223-8438-77ba8e8a66a1,"Челябинск, ул. Краснознаменная, д. 3",1,55.191122845506,61.379898985424,87
b599fb53-3bd7-4f6a-9b6c-e54373e5004f,"Челябинск, ул. Захаренко, д. 1 Б",3,55.197873396327,61.314918451032,360
b599fb53-3bd7-4f6a-9b6c-e54373e5004f,"Челябинск, ул. Захаренко, д. 1 Б",2,55.197875965496,61.315266099047,360
b599fb53-3bd7-4f6a-9b6c-e54373e5004f,"Челябинск, ул. Захаренко, д. 1 Б",1,55.197893435836,61.315586797604,270
26351ea0-441d-49bf-a252-4341334dd58a,"Челябинск, ул. Курчатова, д. 14 А",3,55.149999413713,61.393225941822,269
26351ea0-441d-49bf-a252-4341334dd58a,"Челябинск, ул. Курчатова, д. 14 А",2,55.150190790106,61.393221001088,269
26351ea0-441d-49bf-a252-4341334dd58a,"Челябинск, ул. Курчатова, д. 14 А",1,55.150342038538,61.393216958669,269
04d6d25a-e7fb-4b46-8150-7238e03a9573,"Челябинск, пр-кт. Победы, д. 342",4,55.189755020737,61.324430711576,360
04d6d25a-e7fb-4b46-8150-7238e03a9573,"Челябинск, пр-кт. Победы, д. 342",3,55.189755020737,61.32465079882,360
04d6d25a-e7fb-4b46-8150-7238e03a9573,"Челябинск, пр-кт. Победы, д. 342",2,55.189755020737,61.324878521745,360
04d6d25a-e7fb-4b46-8150-7238e03a9573,"Челябинск, пр-кт. Победы, д. 342",1,55.189755020737,61.325098608989,360
fc16dfc6-e676-42a9-addc-87a2889174de,"Челябинск, пр-кт. Победы, д. 296",4,55.190045138179,61.350957063601,269
fc16dfc6-e676-42a9-addc-87a2889174de,"Челябинск, пр-кт. Победы, д. 296",3,55.190212166745,61.350953470339,269
fc16dfc6-e676-42a9-addc-87a2889174de,"Челябинск, пр-кт. Победы, д. 296",2,55.19037790978,61.350949427921,269
fc16dfc6-e676-42a9-addc-87a2889174de,"Челябинск, пр-кт. Победы, д. 296",1,55.190540568551,61.350945834659,269
3f4e0d72-34f2-4142-b645-c31516a48aee,"Челябинск, ул. Воровского, д. 13 А",4,55.154700215343,61.395207625339,127
3f4e0d72-34f2-4142-b645-c31516a48aee,"Челябинск, ул. Воровского, д. 13 А",3,55.154563129365,61.395030657228,127
3f4e0d72-34f2-4142-b645-c31516a48aee,"Челябинск, ул. Воровского, д. 13 А",2,55.154455363509,61.394890969201,127
3f4e0d72-34f2-4142-b645-c31516a48aee,"Челябинск, ул. Воровского, д. 13 А",1,55.15431981988,61.394715797721,127
6c02a59f-888f-4020-ac5c-166db8bd9658,"Челябинск, пр-кт. Комсомольский, д. 87",9,55.192622182166,61.309784579183,270
6c02a59f-888f-4020-ac5c-166db8bd9658,"Челябинск, пр-кт. Комсомольский, д. 87",8,55.192748087892,61.309785926656,270
6c02a59f-888f-4020-ac5c-166db8bd9658,"Челябинск, пр-кт. Комсомольский, д. 87",7,55.192873993218,61.309787274129,270
6c02a59f-888f-4020-ac5c-166db8bd9658,"Челябинск, пр-кт. Комсомольский, д. 87",6,55.193007349648,61.30978907076,270
6c02a59f-888f-4020-ac5c-166db8bd9658,"Челябинск, пр-кт. Комсомольский, д. 87",5,55.193140705629,61.309790418233,270
6c02a59f-888f-4020-ac5c-166db8bd9658,"Челябинск, пр-кт. Комсомольский, д. 87",4,55.193266609709,61.309791765706,270
6c02a59f-888f-4020-ac5c-166db8bd9658,"Челябинск, пр-кт. Комсомольский, д. 87",3,55.193395339794,61.309793562336,270
6c02a59f-888f-4020-ac5c-166db8bd9658,"Челябинск, пр-кт. Комсомольский, д. 87",2,55.193524326405,61.309794909809,270
6c02a59f-888f-4020-ac5c-166db8bd9658,"Челябинск, пр-кт. Комсомольский, д. 87",10,55.192496532992,61.309782782553,270
6c02a59f-888f-4020-ac5c-166db8bd9658,"Челябинск, пр-кт. Комсомольский, д. 87",1,55.193644062606,61.309796257282,270
4ddda75f-09f0-450e-b20b-f9c9635e0410,"Челябинск, ул. 250-летия Челябинска, д. 13",9,55.179803144661,61.303477956731,323
4ddda75f-09f0-450e-b20b-f9c9635e0410,"Челябинск, ул. 250-летия Челябинска, д. 13",8,55.179952481086,61.30366300968,323
4ddda75f-09f0-450e-b20b-f9c9635e0410,"Челябинск, ул. 250-летия Челябинска, д. 13",7,55.180053494907,61.303892978393,323
4ddda75f-09f0-450e-b20b-f9c9635e0410,"Челябинск, ул. 250-летия Челябинска, д. 13",6,55.180165303798,61.304147650776,323
4ddda75f-09f0-450e-b20b-f9c9635e0410,"Челябинск, ул. 250-летия Челябинска, д. 13",5,55.180284823299,61.304419840307,323
4ddda75f-09f0-450e-b20b-f9c9635e0410,"Челябинск, ул. 250-летия Челябинска, д. 13",4,55.18038069567,61.304638580078,323
4ddda75f-09f0-450e-b20b-f9c9635e0410,"Челябинск, ул. 250-летия Челябинска, д. 13",3,55.180502784816,61.304916608659,323
4ddda75f-09f0-450e-b20b-f9c9635e0410,"Челябинск, ул. 250-летия Челябинска, д. 13",2,55.18060096992,61.305140738322,323
4ddda75f-09f0-450e-b20b-f9c9635e0410,"Челябинск, ул. 250-летия Челябинска, д. 13",10,55.179700330961,61.3032439456,323
4ddda75f-09f0-450e-b20b-f9c9635e0410,"Челябинск, ул. 250-летия Челябинска, д. 13",1,55.180607909696,61.305460089406,188
c3ace916-1a06-4f81-bcb3-6064ca82d6bc,"Челябинск, ул. Татьяничевой, д. 9 А",4,55.151332084206,61.369218465854,88
c3ace916-1a06-4f81-bcb3-6064ca82d6bc,"Челябинск, ул. Татьяничевой, д. 9 А",3,55.151183154517,61.36922879648,88
c3ace916-1a06-4f81-bcb3-6064ca82d6bc,"Челябинск, ул. Татьяничевой, д. 9 А",2,55.151041940877,61.36923822879,88
c3ace916-1a06-4f81-bcb3-6064ca82d6bc,"Челябинск, ул. Татьяничевой, д. 9 А",1,55.150908443367,61.369247211943,88
0083ff51-2c5b-42ee-ac7f-309e9d31caf7,"Челябинск, ул. 40-летия Победы, д. 16 А",2,55.187527804028,61.295906955517,233
